اسم_الكتاب,رابط_جوجل_درايف
كتاب_التربية_الوطنية_الطبعة_2018_الصف_التاسع_عدن_اليمن.pdf,https://drive.google.com/uc?export=download&id=1Y-_h-UjzJuaoKBOEmtqL8tLjvrODQEzI
كتاب_التربية_الإسلامية_الجزء_الثاني_الطبعة_2017_الصف_التاسع_اليمن.pdf,https://drive.google.com/uc?export=download&id=1uKzus4d5tmM14je6IWvvxnjk5qu11XNG
كتاب_التربية_الإسلامية_الجزء_الأول_الطبعة_2026_الصف_التاسع_صنعاء_اليمن.pdf,https://drive.google.com/uc?export=download&id=1D8CGUhA5XOwRxNTvfe2MAweEA7rKgxLd
كتاب_التربية_الإسلامية_الجزء_الأول_الطبعة_2023_للصف_التاسع_اليمن.pdf,https://drive.google.com/uc?export=download&id=1y2KZiZzojIQfq_cKjjsKMszTTAkOStoa
كتاب_التربية_الإسلامية_الجزء_الأول_الطبعة_2017_الصف_التاسع_عدن_اليمن.pdf,https://drive.google.com/uc?export=download&id=1i7_PblWJ15sHyO6iKeBzEUMo0cSa5bgW
كتاب_التاريخ_الجزء_الثاني_الطبعة_2017_الصف_التاسع_اليمن.pdf,https://drive.google.com/uc?export=download&id=1yCe7pvxuR7DagpSkphlfIDhhqW9m1t3a
كتاب_التاريخ_الجزء_الثاني_الطبعة_2017_الصف_التاسع_اليمن (1).pdf,https://drive.google.com/uc?export=download&id=1AsIe_Ndkev-YJC0v4o1Og-iGTRBJkWsr
كتاب_التاريخ_الجزء_الأول_الطبعة_2026_الصف_التاسع_صنعاء_اليمن.pdf,https://drive.google.com/uc?export=download&id=1TN78cPUvV__2Kx-Z2mv0NAkG09Mmd1j3
كتاب_التاريخ_الجزء_الأول_الطبعة_2017_الصف_التاسع_عدن_اليمن.pdf,https://drive.google.com/uc?export=download&id=1WsvUjzmBXqYx9XZqePWmpZhmpHVmxMYG
كتاب_اللغة_الإنجليزية_كتاب_التمارين_الطبعة_2013_للصف_التاسع_اليمن.pdf,https://drive.google.com/uc?export=download&id=1bVDvGlNsWIaffANFzbllucGD3LH8p3Sn
كتاب_التربية_الوطنية_الطبعة_2026_الصف_التاسع_صنعاء_اليمن.pdf,https://drive.google.com/uc?export=download&id=1sA6wyL0r3__DiG1OiktJPzsTy8A1TCEk
كتاب_الجغرافيا_الطبعة_2017_الصف_التاسع_عدن_اليمن.pdf,https://drive.google.com/uc?export=download&id=1ZA3zosLlDFJepBWcPwbU7UEAr7CBBTUS
كتاب_الجغرافيا_الطبعة_2022_الصف_التاسع_اليمن.pdf,https://drive.google.com/uc?export=download&id=1tUg35sYwgdWBz3DhywHHJS84jK-EKlBD
كتاب_العلوم_الجزء_الأول_الطبعة_2017_الصف_التاسع_عدن_اليمن.pdf,https://drive.google.com/uc?export=download&id=15rtjqS2V-4HFqiDyzI6dRKKhcvz9iJST
كتاب_العلوم_الجزء_الثاني_الطبعة_2017_الصف_التاسع_اليمن (1).pdf,https://drive.google.com/uc?export=download&id=1NEt-sqnssY5GWTjVDXIVbPVpAzXBQa7j
كتاب_العلوم_الجزء_الأول_الطبعة_2026_الصف_التاسع_صنعاء_اليمن.pdf,https://drive.google.com/uc?export=download&id=1HEcWUpV-l2GEHsv963mT7BrNcdJROBfX
كتاب_الرياضيات_الجزء_الثاني_الطبعة_2017_الصف_التاسع_اليمن.pdf,https://drive.google.com/uc?export=download&id=1aqCtHHVI3PEmj5V27zrOQMb6_OHG10I1
كتاب_الرياضيات_الجزء_الأول_الطبعة_2017_الصف_التاسع_اليمن.pdf,https://drive.google.com/uc?export=download&id=1HYOdAhhltLeUlH_3jFmLiE9OeQlw0Pdg
كتاب_اللغة_الإنجليزية_English_Pupil's_الطبعة_2013_الصف_التاسع_عدن_اليمن.pdf,https://drive.google.com/uc?export=download&id=1Hf1jIWL7k3eNij01K4yUpWtxiZdP-z_g
كتاب_اللغة_الإنجليزية_الدروس_English_Pupils_الطبعة_2026_الصف_التاسع_صنعاء_اليمن.pdf,https://drive.google.com/uc?export=download&id=1XPSX9KqKRECClT_sDHNHqjV2rFFFq7Nx
كتاب_لغتي_العربية_الجزء_الثاني_الطبعة_2014_للصف_التاسع_اليمن.pdf,https://drive.google.com/uc?export=download&id=1ZZdl4V_8IM_azM7QH0mTmNS1y1Pr_BW2
كتاب_لغتي_العربية_الجزء_الثاني_الطبعة_2023_للصف_التاسع_اليمن.pdf,https://drive.google.com/uc?export=download&id=1K4HCGDZpOqS_7WDa1ib9Go3BTLeWrq7c
كتاب_لغتي_العربية_الجزء_الأول_الطبعة_2026_الصف_التاسع_صنعاء_اليمن.pdf,https://drive.google.com/uc?export=download&id=1793fVL-n46-wK6NI7qWJZatzbOxJLOc2
كتاب_لغتي_العربية_الجزء_الأول_الطبعة_2014_للصف_التاسع_اليمن.pdf,https://drive.google.com/uc?export=download&id=1luwDBqh36Pn7tLPEuqYkEarShvTzYMTS
كتاب_القرآن_الكريم_وعلومه_الطبعة_2026_الصف_التاسع_صنعاء_اليمن.pdf,https://drive.google.com/uc?export=download&id=1I9T7kQQ-pVDr0NaGlSAIAkdCwvzyEk6D
كتاب اللغة العربية للصف الثامن - الجزء الثاني - منهج صنعاء 2026.pdf,https://drive.google.com/uc?export=download&id=102BHw6T4O3kIjcUI61qiIyvmHujwvzU1
كتاب التربية الإسلامية للصف الثامن - الجزء الثاني - منهج صنعاء 2026.pdf,https://drive.google.com/uc?export=download&id=10ZzPSLHjKZAyGctMu3RBPzW4tEz7PSH0
كتاب القرآن الكريم وعلومه للصف الثامن - منهج صنعاء 2026.pdf,https://drive.google.com/uc?export=download&id=10rakm_8aTr7AS3GGkCn8m12ql96VkBE9
كتاب الرياضيات للصف الثامن - الجزء الأول - منهج صنعاء 2026.pdf,https://drive.google.com/uc?export=download&id=1EXo-s6uS88li8AlJucF2-7XbEYuBF8BO
كتاب التاريخ للصف الثامن - الجزء الثاني - منهج صنعاء 2026.pdf,https://drive.google.com/uc?export=download&id=1_3CP3N-PtgzWkj0K4y0OwQq9HCPDTIFz
كتاب التاريخ - الصف الثامن - الجزء الأول - منهج صنعاء 2026.pdf,https://drive.google.com/uc?export=download&id=1a1jBEYIWxIdvAsgHuV-tEKo-FWJO4Rkd
كتاب العلوم - الصف الثامن - الجزء الثاني - منهج صنعاء 2026.pdf,https://drive.google.com/uc?export=download&id=1sZyGl7lM0gl4kwcMiPJryvjW3_XBBDAy
كتاب التربية الإسلامية للصف الثامن - الجزء الأول - منهج صنعاء 2026.pdf,https://drive.google.com/uc?export=download&id=1wNRKzMn3FYk7FhD99ypVJxOpqOH_G-O1
كتاب اللغة الإنجليزية للصف الثامن - منهج صنعاء 2026.pdf,https://drive.google.com/uc?export=download&id=1-4Fak-OuVGtzW7g6K5dUJLPyL6LoFoaA
كتاب جغرافية القارات للصف الثامن - منهج صنعاء 2026.pdf,https://drive.google.com/uc?export=download&id=1AB0yVC-cYvrks7lbQfD3UUcHCXzqS748
كتاب العلوم للصف الثامن - الجزء الأول - منهج صنعاء 2026.pdf,https://drive.google.com/uc?export=download&id=1UWtxaag0QKqEDnt9csmvvl-gzyj8u9Zr
كتاب اللغة العربية للصف الثامن - الجزء الأول - منهج صنعاء 2026.pdf,https://drive.google.com/uc?export=download&id=1Ul_rmjpgvMoKfNaUu2qAeBcmokWuSkSp
كتاب التربية الوطنية للصف الثامن - منهج صنعاء 2026.pdf,https://drive.google.com/uc?export=download&id=1WEU8N09YcVnjaH_MHB-y0xv4Ky_2zfp0
كتاب تمارين اللغة الإنجليزية للصف الثامن - منهج صنعاء 2026.pdf,https://drive.google.com/uc?export=download&id=1eFLMrJKFnwLFogk26HJkF7vTR3_Y7FSP
كتاب الرياضيات للصف الثامن الجزء الثاني - منهج صنعاء 2026.pdf,https://drive.google.com/uc?export=download&id=1vQu5_6-YjtVnFOB41yXXUWmfpntCJ-A2
كتاب التربية الإسلامية - الصف السابع - الجزء الثاني - منهج صنعاء 2026.pdf,https://drive.google.com/uc?export=download&id=13ySmNgxptBcPIrbsFCsrOm68vv5QcH9t
كتاب الرياضيات - الصف السابع - منهج صنعاء 2026.pdf,https://drive.google.com/uc?export=download&id=16ICirL9cKF57qH8zzgK2cfpJ-jryNUmx
كتاب العلوم للصف السابع الجزء الأول - منهج صنعاء 2026.pdf,https://drive.google.com/uc?export=download&id=18CDaQ9zxps-xF3xqcrLlon1bH5Wy459K
كتاب تمارين اللغة الإنجليزية للصف السابع - منهج صنعاء 2026.pdf,https://drive.google.com/uc?export=download&id=1JM5LfYUfhjRQm7sEqAscv2PsQk3xhHlU
كتاب التربية الإسلامية - الصف السابع - الجزء الأول - المنهج اليمني 2026.pdf,https://drive.google.com/uc?export=download&id=1aC-8OC3za8iQUbo7hPwQEvaH6xmTm-aO
كتاب اللغة العربية للصف السابع - الجزء الثاني - منهج صنعاء 2026.pdf,https://drive.google.com/uc?export=download&id=1acUZt-Vm6GoXLFQ4QmrcJWXtkprXlGxs
كتاب الجغرافيا - الصف السابع - منهج صنعاء 2026.pdf,https://drive.google.com/uc?export=download&id=1-DighE1Lj2_wHqsMDe_UXs6sHbezJg1M
كتاب العلوم للصف السابع - الجزء الثاني - منهج صنعاء 2026.pdf,https://drive.google.com/uc?export=download&id=17zXzlZNBFkNVMVUtifPXeC4JcWFjB-S_
كتاب اللغة العربية الجزء الأول للصف السابع - منهج صنعاء 2026.pdf,https://drive.google.com/uc?export=download&id=1TpieHXGl5QVqj7Xz3udBZaeJdZOofsz4
كتاب القرآن الكريم للصف السابع - منهج صنعاء 2026.pdf,https://drive.google.com/uc?export=download&id=1f5AFM-KPBOBp1sqS6NRpAwGMRcFh6qWa
كتاب التاريخ للصف السابع - الجزء الثاني - منهج صنعاء 2026.pdf,https://drive.google.com/uc?export=download&id=1lueTwnVxwl5puEse-iohCGw3Nus_QtVE
كتاب التاريخ للصف السابع الجزء الأول - منهج صنعاء 2026.pdf,https://drive.google.com/uc?export=download&id=1mjN4cggjcsnbdFWLlqR3rLybtIdaANx2
كتاب التربية الوطنية للصف السابع - منهج صنعاء 2026.pdf,https://drive.google.com/uc?export=download&id=1xiD2XL6k-34y1XKVSV6VfmH7BKcunSPn
كتاب_القرآن_الكريم_وعلومه_الطبعة_2026_الصف_الأول_صنعاء_اليمن.pdf,https://drive.google.com/uc?export=download&id=1lt0KMTRVY1yRK8umMncmnefSuzx6tg0H
كتاب_التربية_الإسلامية_الطبعة_2026_الصف_الأول_صنعاء_اليمن.pdf,https://drive.google.com/uc?export=download&id=1snZG0A6vHNh5mWbBS6YO6r-Dii9RFXCb
كتاب_القرآن_الكريم_وعلومه_والتربية_الإسلامية_الجزء_الثاني_الطبعة_2017_الصف_الأول_عدن_اليمن.pdf,https://drive.google.com/uc?export=download&id=1iuVcd-w2vl5Q2As60as2gecqfmlJnlTl
كتاب_القرآن_الكريم_وعلومه_والتربية_الإسلامية_الجزء_الأول_الطبعة_2015_الصف_الأول_عدن_اليمن.pdf,https://drive.google.com/uc?export=download&id=1WLyzZsI4jg1MWs5qiKCpoUUyfQsfbPHj
كتاب_أقرأ_وأتعلم_الجزء_الأول_الطبعة_2017_الصف_الأول_عدن_اليمن.pdf,https://drive.google.com/uc?export=download&id=1od-eMk7VcBUImlXMbIKw8rG8Uje6shxf
كتاب_أقرأ_وأتعلم_الجزء_الثاني_الطبعة_2017_الصف_الأول_عدن_اليمن.pdf,https://drive.google.com/uc?export=download&id=1NFcDvsR-wcORr1Lq5YHkuAiYE5c7jm4k
كتاب_لغتي_العربية_الجزء_الأول_الطبعة_2026_الصف_الأول_صنعاء_اليمن.pdf,https://drive.google.com/uc?export=download&id=1ZEmaBjojh9L6sQxGwbsIUki7fSn7LcHR
كتاب_لغتي_العربية_الجزء_الثاني_الطبعة_2021_الصف_الأول_صنعاء_اليمن.pdf,https://drive.google.com/uc?export=download&id=1J7JkSRd1X8cNEvcZ3FNur0kl5PC0DdSQ
كتاب_القراءة_الجزء_الأول_الطبعة_2014_الصف_الأول_عدن_اليمن.pdf,https://drive.google.com/uc?export=download&id=19HFPMDGZ_t137z8BleRrYBlyeKl4u3jz
كتاب_القراءة_الجزء_الثاني_الطبعة_2017_الصف_الأول_عدن_اليمن.pdf,https://drive.google.com/uc?export=download&id=1b45EhqXNYh9-PljYfDqOfPwm5OIS0kcA
كتاب_الرياضيات_الجزء_الأول_الطبعة_2015_الصف_الأول_عدن_اليمن.pdf,https://drive.google.com/uc?export=download&id=1pMQWL3TFx30-gHpJq9FKufb6h7f-RqKa
كتاب_الرياضيات_الجزء_الأول_الطبعة_2022_الصف_الأول_صنعاء_اليمن.pdf,https://drive.google.com/uc?export=download&id=1BTieZMBro0kBJ0QIygtwjdQd2qUDbHp8
كتاب_الرياضيات_الجزء_الأول_الطبعة_2026_الصف_الأول_صنعاء_اليمن.pdf,https://drive.google.com/uc?export=download&id=1ZVWO0gjKB_l-hBMOOPp8HggeR1nMNjQE
كتاب_الرياضيات_الجزء_الثاني_الطبعة_2017_الصف_الأول_عدن_اليمن.pdf,https://drive.google.com/uc?export=download&id=1fBsEMS_dpqoJTsKD6ryZ3AFTt-PVxMNk
كتاب_الرياضيات_الجزء_الثاني_الطبعة_2022_الصف_الأول_صنعاء_اليمن.pdf,https://drive.google.com/uc?export=download&id=1L8FLyJTT6Cqw7l9rsUJQZTQa-X-j0j7p
كتاب_العلوم_الجزء_الأول_الطبعة_2026_الصف_الأول_صنعاء_اليمن.pdf,https://drive.google.com/uc?export=download&id=1rN8-Dbh57o-RTTYc2e3LqkxAzB5agJJL
كتاب_العلوم_الجزء_الأول_الطبعة_2017_الصف_الأول_عدن_اليمن.pdf,https://drive.google.com/uc?export=download&id=1dYgMnt45sUQ4_GtuJ8vN7BO_FQThPX4M
كتاب_العلوم_الجزء_الثاني_الطبعة_2017_الصف_الأول_عدن_اليمن.pdf,https://drive.google.com/uc?export=download&id=1c0SEv9hW-F8XVxiN0Fgejq0ezfIttTMm
كتاب_القرآن_الكريم_وعلومه_الطبعة_2026_الصف_الثاني_صنعاء_اليمن.pdf,https://drive.google.com/uc?export=download&id=14al0CnG8CcOMqB2glOYwd6Ypb8-v0u7V
كتاب_التربية_الإسلامية_الطبعة_2026_الصف_الثاني_صنعاء_اليمن.pdf,https://drive.google.com/uc?export=download&id=1vdTAoW799YwkDoI8WDss7g5BQuNJ4H-7
كتاب_القرآن_الكريم_وعلومه_والتربية_الإسلامية_الجزء_الثاني_الطبعة_2017_الصف_الثاني_عدن_اليمن.pdf,https://drive.google.com/uc?export=download&id=1XFU4axriQZj1m6J3yWERPgp7bSWLcEze
كتاب_القرآن_الكريم_وعلومه_والتربية_الإسلامية_الجزء_الأول_الطبعة_2017_الصف_الثاني_عدن_اليمن.pdf,https://drive.google.com/uc?export=download&id=1RTvmCuonB0aCkKpNBw7565jDecc9a0Lg
كتاب_لغتي_العربية_الجزء_الأول_الطبعة_2026_الصف_الثاني_صنعاء_اليمن.pdf,https://drive.google.com/uc?export=download&id=14NN_HtRze54rLhtfDiyj2b-_09DpXOLc
كتاب_القراءة_الجزء_الثاني_الطبعة_2017_الصف_الثاني_عدن_اليمن.pdf,https://drive.google.com/uc?export=download&id=1d3-dbH2kOJ_AUjuLol2Btx2z9g_cmf5c
كتاب_القراءة_الجزء_الأول_الطبعة_2017_الصف_الثاني_عدن_اليمن.pdf,https://drive.google.com/uc?export=download&id=1MB1AWUZJhKpbAxckCoVHkiZF0xhcahKn
كتاب_الرياضيات_الجزء_الثاني_الطبعة_2026_الصف_الثاني_صنعاء_اليمن.pdf,https://drive.google.com/uc?export=download&id=1OXOoHrgxFj7DOi3L6gfYSmO1DwPTx8wq
كتاب_الرياضيات_الجزء_الثاني_الطبعة_2017_الصف_الثاني_عدن_اليمن.pdf,https://drive.google.com/uc?export=download&id=1T3w4iP5fKHpOnQ0STsGquTtsZ-QXkTWE
كتاب_العلوم_الجزء_الأول_الطبعة_2026_الصف_الثاني_صنعاء_اليمن.pdf,https://drive.google.com/uc?export=download&id=1zh2hBcuRnEF0I6a4IOS5xYvPUG4HRd_u
كتاب_الرياضيات_الجزء_الأول_الطبعة_2017_الصف_الثاني_عدن_اليمن.pdf,https://drive.google.com/uc?export=download&id=15OC3Bfh9EFM_9xcPi_ZAF5leqt5h-umP
كتاب_الرياضيات_الجزء_الأول_الطبعة_2026_الصف_الثاني_صنعاء_اليمن.pdf,https://drive.google.com/uc?export=download&id=1urtVkgQq2qHpmIY41ywAA7fdzcnrBaRs
كتاب_العلوم_الجزء_الثاني_الطبعة_2022_الصف_الثاني_صنعاء_اليمن.pdf,https://drive.google.com/uc?export=download&id=1SeoNEpgwDnhogY_CoEUL7RM28OOUo4s8
كتاب_العلوم_الطبعة_2014_الصف_الثاني_عدن_اليمن.pdf,https://drive.google.com/uc?export=download&id=1FNfFu_FajNehzucebtbCbOhkIWn7X1wk
كتاب_القرآن_الكريم_وعلومه_والتربية_الاسلامية_الجزء_الأول_الطبعة_2017_الصف_الثالث_عدن_اليمن.pdf,https://drive.google.com/uc?export=download&id=1ncrrnt8TnWowRei6B0aJQ8WtmaGzv0md
كتاب_القرآن_الكريم_وعلومه_الطبعة_2026_الصف_الثالث_صنعاء_اليمن.pdf,https://drive.google.com/uc?export=download&id=1KEGqMu1ks9ZcBOPRfjDsouvG_R-i-Se2
كتاب_التربية_الإسلامية_الطبعة_2026_الصف_الثالث_صنعاء_اليمن.pdf,https://drive.google.com/uc?export=download&id=1fbnbIwOxTYZWak2jA39pJabpPhMUQ0vB
كتاب_القرآن_الكريم_وعلومه_والتربية_الإسلامية_الجزء_الثاني_الطبعة_2017_الصف_الثالث_عدن_اليمن.pdf,https://drive.google.com/uc?export=download&id=13WgfoVFRdzpAS1ieFjmAL6XN8IWtvlP0
كتاب_لغتي_العربية_الجزء_الأول_الطبعة_2026_الصف_الثالث_صنعاء_اليمن.pdf,https://drive.google.com/uc?export=download&id=14ONbYqVOVMVVsN_Auvek1ppxcdi-X1jV
كتاب_القراءة_الجزء_الأول_الطبعة_2017_الصف_الثالث_عدن_اليمن.pdf,https://drive.google.com/uc?export=download&id=1kvfZP_8a7eIaZR_bzbNCMYY-05zEdcQM
كتاب_لغتي_العربية_الجزء_الثاني_الطبعة_2022_الصف_الثالث_صنعاء_اليمن.pdf,https://drive.google.com/uc?export=download&id=1Ig6eZYh81vMnEjlbTOGiXq-PV7Bmd42h
كتاب_القراءة_الجزء_الثاني_الطبعة_2017_الصف_الثالث_عدن_اليمن.pdf,https://drive.google.com/uc?export=download&id=1vQ6L1HL2QEmrq44CESPGrO6xtxDu8-FC
كتاب_الرياضيات_الجزء_الأول_الطبعة_2017_الصف_الثالث_عدن_اليمن.pdf,https://drive.google.com/uc?export=download&id=17oJl-Myd8fGkOJpuNczxC8ohxM5h_gwd
كتاب_الرياضيات_الجزء_الأول_الطبعة_2026_الصف_الثالث_صنعاء_اليمن.pdf,https://drive.google.com/uc?export=download&id=1P7wJbvqhfN7ekzKuoxNI5AUtu23NOuTF
كتاب_الرياضيات_الجزء_الثاني_الطبعة_2017_الصف_الثالث_عدن_اليمن.pdf,https://drive.google.com/uc?export=download&id=1cv5_Sj-tXXfgds9woaUmky9uhjqUjcpS
كتاب_العلوم_الطبعة_2017_الصف_الثالث_عدن_اليمن.pdf,https://drive.google.com/uc?export=download&id=1SN4NVq9N9KooYmmUJBg3pAHy1uyjumEc
كتاب_العلوم_الجزء_الأول_الطبعة_2026_الصف_الثالث_صنعاء_اليمن.pdf,https://drive.google.com/uc?export=download&id=1GiuphxHC1uoU5X_aaF9nzWIOZAyGn_az
كتاب_العلوم_الجزء_الثاني_الطبعة_2022_الصف_الثالث_صنعاء_اليمن.pdf,https://drive.google.com/uc?export=download&id=1zoNsITTpe5A7NcdY2wqWXV9PlRHVtn-I
كتاب_التربية_الاجتماعية_الطبعة_2017_الصف_الثالث_عدن_اليمن.pdf,https://drive.google.com/uc?export=download&id=1we6oNqoKVtGCodWcNGZ_C0B8h8a-tbNe
كتاب_علم_النفس_الطبعة_2017_للصف_الثالث_ثانوي_اليمن.pdf,https://drive.google.com/uc?export=download&id=1P9sg1J5W6lTh1SuofR-oap_-16-gGb9m
كتاب مبادئ الفلسفة للصف الثالث الثانوي ادبي منهج صنعاء وعدن.pdf,https://drive.google.com/uc?export=download&id=1hZ7rQeiLZoAX8RdL9Uatcd3UGSgb6jri
كتاب_اللغة_الإنجليزية_التمارين_English_Workbook_الطبعة_2006_الصف_الثالث_ثانوي_عدن_اليمن.pdf,https://drive.google.com/uc?export=download&id=1oNT_HgJxqIROZFxCByG6Il5kHoFILrIL
مبادئ علم الخرائط للصف الثالث الثانوي ادبي منهج صنعاء وعدن.pdf,https://drive.google.com/uc?export=download&id=1OdwzD8M5JwTFLbzR44DcIvTAMJC_o-xv
كتاب التاريخ للصف الثالث الثانوي منهج صنعاء وعدن.pdf,https://drive.google.com/uc?export=download&id=1InOPZdR9yTQ6uZXX0GmsGOspkzlSz_FE
english_pubils_12th.pdf,https://drive.google.com/uc?export=download&id=1bdgIRT_n1s_oxaFgZYm6cWoPksHAQFMB
كتاب الجغرافية للصف الثالث الثانوي منهج صنعاء وعدن.pdf,https://drive.google.com/uc?export=download&id=1ficTBWFD3hrqwbJrym8OkM-IApI1LUIu
كتاب_اللغة_الإنجليزية_كتاب_الدروس_الطبعة_2006_للصف_الثالث_ثانوي_اليمن.pdf,https://drive.google.com/uc?export=download&id=1wM3rUQqTwwV-3AevHwSeLoTdtZWXNxFh
كتاب_الأحياء_الأنشطة_الطبعة_2017_للصف_الثالث_ثانوي_اليمن.pdf,https://drive.google.com/uc?export=download&id=1UJqOdwdX5OlOyeJVD1kznzlmA9qN77FP
كتاب الادب والنصوص والنقد للصف الثالث الثانوي منهج عدن.pdf,https://drive.google.com/uc?export=download&id=1UfA26W801RnNfa5fWPQo7ZfqwTeCRXP3
كتاب_الكيمياء_الأنشطة_الطبعة_2017_للصف_الثالث_ثانوي_اليمن.pdf,https://drive.google.com/uc?export=download&id=1IEcE5_ReDGanP7oihZK9THbhKT7jqnps
كتاب الادب والنصوص والنقد للصف الثالث الثانوي منهج صنعاء.pdf,https://drive.google.com/uc?export=download&id=1gfum_KO8OZL3nSmOTCcqh1q-py1E6B1f
كتاب_الفيزياء_الأنشطة_الطبعة_2017_للصف_الثالث_ثانوي_اليمن.pdf,https://drive.google.com/uc?export=download&id=1o3u4ktPA4xHBfI4xvraSKuBh52TYUwa2
كتاب_الحديث_والتهذيب_الطبعة_2026_الصف_الثالث_ثانوي_صنعاء_اليمن.pdf,https://drive.google.com/uc?export=download&id=1Jt225adD9elHQLa4NlUH9KrqmSUJ5A9m
كتاب_الرياضيات_القسم_العلمي_الطبعة_2017_للصف_الثالث_ثانوي_اليمن.pdf,https://drive.google.com/uc?export=download&id=1VcJXnQF5UU4qd-NKenufwThRZHLP3VD6
كتاب النحو والصرف للصف الثالث الثانوي منهج عدن.pdf,https://drive.google.com/uc?export=download&id=14WvFR-EgpLuSweM7QMKN1n8oHg-6CGvj
كتاب_السيرة_النبوية_الطبعة_2017_للصف_الثالث_ثانوي_اليمن.pdf,https://drive.google.com/uc?export=download&id=1cNiAdp0QPFXJGDK-4PS3i-aMu0708Ef8
كتاب_الحديث_والفقه_2018_للصف_الثالث_ثانوي_اليمن.pdf,https://drive.google.com/uc?export=download&id=1geOcg-PdOOmAI8aAmoTmxaWcg9CJe_Ku
كتاب النحو والصرف للصف الثالث الثانوي منهج صنعاء.pdf,https://drive.google.com/uc?export=download&id=1_JPP1HlsiJVVg5UW-mRxtq3jUDSyHrYz
كتاب القراءة للصف الثالث الثانوي منهج صنعاء.pdf,https://drive.google.com/uc?export=download&id=1A307rBhtYbnnb85uG-Jv6ETe8T4EPb5w
كتاب القراءة للصف الثالث الثانوي منهج عدن.pdf,https://drive.google.com/uc?export=download&id=1gZVrBozhLeCI7nLBxfwSoXr-6oVA82BG
كتاب القران الكريم للصف الثالث الثانوي منهج عدن.pdf,https://drive.google.com/uc?export=download&id=1zPvebIEYJSKkaFksP6rLn7qhNR7loO1O
كتاب_الإيمان_الطبعة_2026_الصف_الثالث_ثانوي_صنعاء_اليمن.pdf,https://drive.google.com/uc?export=download&id=1YifX5TRKUpg--v8AgscLlJ3DLizL8yH0
كتاب_الإيمان_الطبعة_2017_للصف_الثالث_ثانوي_اليمن.pdf,https://drive.google.com/uc?export=download&id=1Blexi9wLQFf2lZlAdp8phhIN_P-v_ARS
كتاب القران الكريم للصف الثالث الثانوي منهج صنعاء.pdf,https://drive.google.com/uc?export=download&id=1a1_OWKvq_QRM38OlA4iWI0a-0yjRCdel
كتاب التاريخ للصف الأول الثانوي 2026.pdf,https://drive.google.com/uc?export=download&id=1bamIQztuy1gOQl_Rb4z4fs__5Og48Upp
كتاب الفيزياء للصف الأول الثانوي 2026.pdf,https://drive.google.com/uc?export=download&id=130WXB7v48QC98Qrfp7cbZ5643IKEP9FC
كتاب القراءة للصف الأول الثانوي الجزء الأول 2026.pdf,https://drive.google.com/uc?export=download&id=14KaMBMawV3AcwH6QP4BCBGGSlu4_0SCG
كتاب الكيمياء للصف الأول الثانوي2026.pdf,https://drive.google.com/uc?export=download&id=1Ag5teoJyuz4P_JDWQnRLNU8yH3rJb-fb
كتاب النحو والصرف للصف الأول الثانوي منهج صنعاء2026.pdf,https://drive.google.com/uc?export=download&id=1F5lRKije9jH8xz-sMP9QToRFsUfJPYT-
كتاب السيرة للصف الأول الثانوي منهج صنعاء 2026.pdf,https://drive.google.com/uc?export=download&id=1GUA9Z2zBKKO5eESdpYZbLK5WfQV4hjzf
كتاب القراءة الجزء الثاني للصف الأول الثانوي منهج صنعاء 2026 .pdf,https://drive.google.com/uc?export=download&id=1U28nzQJCiTjor9Kst0YbG1dRrza5CJ7_
كتاب تمارين الرياضيات للصف الأول الثانوي2026.pdf,https://drive.google.com/uc?export=download&id=1C4dQ_A-vAICU5V2sC3ftmrl6dTbn6yHY
كتاب الأيمان للصف الأول الثانوي منهج صنعاء 2026.pdf,https://drive.google.com/uc?export=download&id=1Tn9Fcx-jkCUWntuVWKC63ecMPIQ9neKD
كتاب الأنشطة والتجارب في مادة الكيمياء للصف الأول الثانوي 2026.pdf,https://drive.google.com/uc?export=download&id=1fiPdrYhRzh6gxYUWYwYDtAk1yuwYSV2q
كتاب الفقة للصف الأول الثانوي منهج صنعاء2026.pdf,https://drive.google.com/uc?export=download&id=1iEu8XybhCvzLWmrH3CPtKVkd-4Ft8g4r
كتاب الرياضيات للصف الأول الثانوي الجزء الأول2026 .pdf,https://drive.google.com/uc?export=download&id=1imXLeJKZ0wYl7TYXpRwVw0jC3e2Sy2P0
كتاب الجغرافيا للصف الأول الثانوي 2026.pdf,https://drive.google.com/uc?export=download&id=1x3p8zw_fHMtLa04T9DSocYbTJ-Wh0fSm
كتاب الرياضيات للصف الأول الثانوي الجزء الثاني2026.pdf,https://drive.google.com/uc?export=download&id=16ZYPVtCsVlKqVxUqk_Q-SJCTCjECKchF
كتاب الأنشطة في الأحياء للصف الأول الثانوي.pdf,https://drive.google.com/uc?export=download&id=1LmWLtXYuurhjDybdpKXssz7ExZLESHXf
كتاب الأدب والنصوص والبلاغة للصف الأول الثانوي منهج صنعاء2026.pdf,https://drive.google.com/uc?export=download&id=1NjWgVqhai4xgDoxPSWdTveFriWM1PTfY
كتاب الانشطة في الفيزياء للصف الأول الثانوي 2026.pdf,https://drive.google.com/uc?export=download&id=1c8jcZa3P6YLktQXraGf681XUhmUoFlFT
كتاب الأحياء للصف الأول الثانوي 2026.pdf,https://drive.google.com/uc?export=download&id=1mRwIv1jxksQSXfjK0szHgk7skB8aTHuY
كتاب الحديث والتهذيب للصف الأول الثانوي منهج صنعاء 2026.pdf,https://drive.google.com/uc?export=download&id=1kzgsekTHPZWNQFJ2Qs1VZ_CWexK7oL2f
كتاب الرياضيات الحزء الأول للصف الثاني ثانوي_260403_212950.pdf,https://drive.google.com/uc?export=download&id=1nxrwPC24i6GK-sZOdjz0abT45FSz3ek5
كتاب القران الكريم للصف الثاني ثانوي 2026.pdf,https://drive.google.com/uc?export=download&id=17HIqpUoT075TVZeFx7BoTW0e3wWvdl9s
كتاب الحديث للصف الثاني ثانوي 2026.pdf,https://drive.google.com/uc?export=download&id=17OQ0hJOzd5DUS7XCRRFDKBPAiNQHrEje
كتاب الأيمان للصف الثاني ثانوي 2026.pdf,https://drive.google.com/uc?export=download&id=1Un0FCAYFBs2pFGtAbZY7XBHc5Xf87q-4
كتاب الفقة للصف الثاني ثانوي 2026.pdf,https://drive.google.com/uc?export=download&id=1JBmFtuYSODYTa9fAQjVmLckbV7VXQPpg
كتاب_الأدب_والنصوص_والبلاغة_ثاني_ثانوي_2026.pdf,https://drive.google.com/uc?export=download&id=1UV8hyW1ngr14vwBK5F-4eRpFyVbk1Jva
كتاب الجغرافيا للصف الثاني ثانوي 2026.pdf,https://drive.google.com/uc?export=download&id=1CMYx_B668Gpr51bo8xDssdaVpJsmLcjl
كتاب التاريخ الجزء الاول للصف الثاني ثانوي 2026_260403_055054.pdf,https://drive.google.com/uc?export=download&id=1GZoiGcrMsb2S2crFadyoY8oGMMyOeOoq
كتاب التاريخ الجزء الثاني للصف الثاني ثانوي 2026_260403_055215.pdf,https://drive.google.com/uc?export=download&id=1JmodAbt40tCxZjO0-lulNYR6ntAKXYuM
كتاب الرياضيات الجزء الثاني للصف الثاني ثانوي علمي_260403_223756.pdf,https://drive.google.com/uc?export=download&id=1flm9VtpOlOs_TrJWQk8f2Z1TY4e2Xqum
كتاب الأحياء الصف الثاني ثانوي_260404_020814_260404_024700.pdf,https://drive.google.com/uc?export=download&id=1ZwwGyFX8B5g02aIJGa3QDFXVGu0wG8RV
كتاب الأحياء الأنشطة والتجارب العلمية الصف الثاني الثانوي.pdf,https://drive.google.com/uc?export=download&id=1OUT6Z8-OAUKyeqU3_86NZn8rxsp4HFh5
كتاب الفيزياء للصف الثاني ثانوي.pdf,https://drive.google.com/uc?export=download&id=1dng1vjU0IeIdMySvrZi6jqU4SV71W0ca
كتاب الفيزياء الانشطة والتجارب للصف الثاني ثانوي 2_260404_045512.pdf,https://drive.google.com/uc?export=download&id=1ONZv3CA4_yU3WDTCcYrNSeylljrUklsI
كتاب الكيمياء للصف الثاني ثانوي.pdf,https://drive.google.com/uc?export=download&id=1kMBdzyMhbvaO4cMsDcvUkL042e4bve8Y
كتاب الكيمياء الانشطة والتجارب العلمية للصف الثاني ثانوي.pdf,https://drive.google.com/uc?export=download&id=1DTiKph4ZMLLuInI6wkKzqAia5sFA-01W
كتاب القراءة الجزء الأول للصف الثاني ثانوي_.pdf,https://drive.google.com/uc?export=download&id=1s6kPc1Na8FlUWaod_rhvUYYzVGevrnO2
كتاب القراءة الجزء الثاني للصف الثاني ثانوي.pdf,https://drive.google.com/uc?export=download&id=1WZEGtMYBz9HKTh6Qh_Uzwb9l2RrP8vsL
كتاب علم الاجتماع للصف الثاني ثانوي ادبي.pdf,https://drive.google.com/uc?export=download&id=1HIK0yNmJFb4OY9Oil9ii3rLY4ECSLmj3
كتاب مبادئ علم الأقتصاد للصف الثاني ثانوي ادبي.pdf,https://drive.google.com/uc?export=download&id=1PyTuA8P-u_FJEI2wI3t-606SpsGrLKv5
كتاب الرياضيات للصف الثاني ثانوي ادبي.pdf,https://drive.google.com/uc?export=download&id=1iJPDipDDJkqoH8pLmY3AUgd6e4uoC3uq
كتاب التمارين والأنشطة في الرياضيات للصف الثاني ثانوي ادبي.pdf,https://drive.google.com/uc?export=download&id=1ZYVwu7YGvb81LPkB7QA8-IBN5YUZSn1e
كتاب اللغة الإنجليزية التمارينEnglish Workbook.pdf,https://drive.google.com/uc?export=download&id=1jWKrfBblE31gkJonYXxvhsdm7wGi4rHF
كتاب الحاسوب للصف الثاني ثانوي.pdf,https://drive.google.com/uc?export=download&id=1EszmNWgepElU58hLrwva_XMwo5x9b8ww
كتاب النحو والصرف للصف الثاني ثانوي منهج صنعاء.pdf,https://drive.google.com/uc?export=download&id=14l96mtyU_1v4OGKtCVxh7BVIytdIa7-b
كتاب النحو والصرف، الجزء الأول، الطبعة 2017، الصف الثاني الثانوي، عدن، اليمن (1).pdf,https://drive.google.com/uc?export=download&id=1QmbpMeTrIpF_CPrUTajb038LXkfPQU6l
كتاب النحو والصرف، الجزء الأول، الطبعة 2017، الصف الثاني الثانوي، عدن، اليمن.pdf,https://drive.google.com/uc?export=download&id=1Re-NR5Nz-FB4YzL7dgcu4NbowMp6oD45
كتاب اللغة العربية  الصف الرابع الجزء الاول_صنعاء .pdf,https://drive.google.com/uc?export=download&id=1A3f4Xb6e64DrmfmdRWBsGr1nlLYJNAa_
كتاب_التربية_الاجتماعية_الطبعة_2017_الصف_الرابع_عدن_اليمن.pdf,https://drive.google.com/uc?export=download&id=1N7H8HDp_4l9rTx_jsuNJu-K7qmlgEuqc
كتاب_العلوم_الجزء_الأول_الطبعة_2017_الصف_الرابع_عدن_اليمن.pdf,https://drive.google.com/uc?export=download&id=1GEUFZQV-OADdAJJTDwBVPquhBV2HL1v3
كتاب_الرياضيات_الجزء_الثاني_الطبعة_2017_الصف_الرابع_عدن_اليمن.pdf,https://drive.google.com/uc?export=download&id=1F6av2TWGVYx1G4zqOvrKPpVRgDxJzj4s
كتاب_الرياضيات_الجزء_الاول_الطبعة_2017_الصف_الرابع_عدن_اليمن.pdf,https://drive.google.com/uc?export=download&id=1ENnL1ittFrkcB00wdpr_3zaJ_OlSk8q4
كتاب_لغتي_العربية_الجزء_الثاني_الطبعة_2017_الصف_الرابع_عدن_اليمن.pdf,https://drive.google.com/uc?export=download&id=1mKdYWjV0jE67zjMM-S-zUnC43_oDRKiJ
كتاب_لغتي_العربية_الجزء_الأول_الطبعة_2017_الصف_الرابع_عدن_اليمن.pdf,https://drive.google.com/uc?export=download&id=1kJ0uujrddPndYdCSo9Z-pP8U7DIrWBdK
كتاب_التربية_الإسلامية_الطبعة_2017_الصف_الرابع_عدن_اليمن.pdf,https://drive.google.com/uc?export=download&id=1FKHkyxX1WlVJHRPW8gZp5K1gJwQETPD1
كتاب_القرآن_الكريم_وعلومه_الطبعة_2018_الصف_الرابع_عدن_اليمن.pdf,https://drive.google.com/uc?export=download&id=1VMMm1S4QQBgcFTbbU0QaiE7ZvfC0BuUe
كتاب_القرآن_الكريم_وعلومه_الطبعة_2026_الصف_الرابع_صنعاء_اليمن.pdf,https://drive.google.com/uc?export=download&id=17qpuX-UcKstfQ1wP6WA84-j6ETFQPjg0
كتاب_التربية_الإسلامية_الطبعة_2026_الصف_الرابع_صنعاء_اليمن.pdf,https://drive.google.com/uc?export=download&id=1oDy3OfquJNPVIcXVCmoQQYYSHWcZVi2V
arabic_part2_4th.pdf,https://drive.google.com/uc?export=download&id=1cLv_H10kyx7C3j-gFNcC1rvjLkPAVibH
mathematics_part1_4th.pdf,https://drive.google.com/uc?export=download&id=1EADVAZ8otkMIj3XUnztJNS2n2uy-q-gE
mathematics_part2_4th.pdf,https://drive.google.com/uc?export=download&id=1Z4L-hLZmQtRK_e7eS6MsWE28B2cRjFRo
science_part2_4th.pdf,https://drive.google.com/uc?export=download&id=19Ju30VWJc7LEuU5ZIPOUtmdbgNuanx4H
science_part1_4th.pdf,https://drive.google.com/uc?export=download&id=1bxrSIoqvPbN66w_AmLhTJ_hDGUY5TBvp
social_studies_4th.pdf,https://drive.google.com/uc?export=download&id=1Ij1Yv2PrGUo6VR0EZ7RB4xczGpC3CzqL
كتاب_التربية_الوطنية_الطبعة_2017_الصف_الخامس_عدن_اليمن.pdf,https://drive.google.com/uc?export=download&id=1aMugXHI0oLMb8bbE5b29W73YssVtMea3
كتاب_التاريخ_الطبعة_2017_الصف_الخامس_عدن_اليمن.pdf,https://drive.google.com/uc?export=download&id=12qfvVjQNJq3O8omGurr80vnxwW0puXGd
كتاب_الجغرافيا_الطبعة_2017_الصف_الخامس_عدن_اليمن.pdf,https://drive.google.com/uc?export=download&id=18n9hXSVSdR3613EORR6lUSVMrUAay_su
كتاب_العلوم_الجزء_الأول_الطبعة_2017_الصف_الخامس_عدن_اليمن.pdf,https://drive.google.com/uc?export=download&id=1oo_FU4Q7PuaHvl3_NKjdURxz38uxqtmv
كتاب_الرياضيات_الجزء_الثاني_الطبعة_2017_الصف_الخامس_عدن_اليمن.pdf,https://drive.google.com/uc?export=download&id=1C0SZ8sKEl2XzvanTefNnmaSCohnKWtB-
كتاب_الرياضيات_الجزء_الأول_الطبعة_2017_الصف_الخامس_عدن_اليمن.pdf,https://drive.google.com/uc?export=download&id=1eajoEZxE78SrbSv35I4A1AtDnOr7Xe1W
كتاب_لغتي_العربية_الجزء_الثاني_الطبعة_2014_الصف_الخامس_عدن_اليمن.pdf,https://drive.google.com/uc?export=download&id=1l4Uti4eguyndkXG8iTHW-DRzJASAUEUz
كتاب_لغتي_العربية_الجزء_الأول_الطبعة_2014_الصف_الخامس_عدن_اليمن.pdf,https://drive.google.com/uc?export=download&id=1pKWiNnMLkZpo4H2CiUnDG5f6PW8r8M52
كتاب_التربية_الإسلامية_الطبعة_2017_الصف_الخامس_عدن_اليمن.pdf,https://drive.google.com/uc?export=download&id=17_qRacwLII1c5PD9UyfTkGONC5VUbQDX
كتاب_القرآن_الكريم_الطبعة_2017_الصف_الخامس_عدن_اليمن.pdf,https://drive.google.com/uc?export=download&id=1-lLtp5wxG5atABr9i-Yw25s5KvnkEio5
quran_5th.pdf,https://drive.google.com/uc?export=download&id=1HjnobLUl0tYPRzzNZp3oHgkSZ0iKvtCK
science_part2_5th.pdf,https://drive.google.com/uc?export=download&id=1Iy9XE6RDxhLsQwkOOF98MuRxeSV-qxP5
mathematics_part1_5th.pdf,https://drive.google.com/uc?export=download&id=1aTujGph_xQCPw6zVnnTTspdGicc9W3fe
history_5th.pdf,https://drive.google.com/uc?export=download&id=1SEVSrYAQ5QzkRJ0hVLjU5LHrQRWZz-9o
arabic_part2_5th.pdf,https://drive.google.com/uc?export=download&id=1YTPTrzUolZ9C_M9plo8xOT-n4CnBu5Sp
geographic_5th.pdf,https://drive.google.com/uc?export=download&id=1QlS6r2xuNC07urpA3rW1NgHn5Z7hZG9s
science_part1_5th.pdf,https://drive.google.com/uc?export=download&id=1TFXaQjHPD2MQyGZ7YqEFzmVIvQlaJVt4
islamic_5th.pdf,https://drive.google.com/uc?export=download&id=1s6FNdTZ5OdH3PnqbIWcM3Yr6e_SiijXa
arabic_part1_5th.pdf,https://drive.google.com/uc?export=download&id=1XjJ4597iQ4wAdk7MAve-M-Y6HXZC2BYQ
national_education_5th.pdf,https://drive.google.com/uc?export=download&id=1dwBNLeC4s64xK9xgTp1_AxTQZHHYzqFx
mathematics_part2_5th.pdf,https://drive.google.com/uc?export=download&id=1CmcmOPxBu_YdvOW-CO33B8l8y5YA68s7
كتاب_التربية_الوطنية_الطبعة_2017_الصف_السادس_عدن_اليمن.pdf,https://drive.google.com/uc?export=download&id=1ozwcjjfqjNpzRfE4iXQ92mkF5J2DL2ay
كتاب_الجغرافيا_الطبعة_2017_الصف_السادس_عدن_اليمن.pdf,https://drive.google.com/uc?export=download&id=16X4wnmIRj7Xruu8JxaossYaZUGwBmIjd
كتاب_التاريخ_الطبعة_2017_الصف_السادس_عدن_اليمن.pdf,https://drive.google.com/uc?export=download&id=1Cmcf71g1L_3ojR2jgTEPdvRBcU5KnwKS
كتاب_العلوم_الجزء_الأول_الطبعة_2017_الصف_السادس_عدن_اليمن.pdf,https://drive.google.com/uc?export=download&id=1cMm0AVqO0Le1XJLmx47oWRJnPZfrEZZ4
كتاب_الرياضيات_الجزء_الثاني_الطبعة_2017_الصف_السادس_عدن_اليمن.pdf,https://drive.google.com/uc?export=download&id=1ywC650nHfFqW5968dtD7q1z8NsY1_8ZZ
كتاب_الرياضيات_الجزء_الأول_الطبعة_2014_الصف_السادس_عدن_اليمن.pdf,https://drive.google.com/uc?export=download&id=11Swwlh5g84ZARDksL95NKPoNBmnzSpQs
كتاب_لغتي_العربية_الجزء_الثاني_الطبعة_2017_الصف_السادس_عدن_اليمن.pdf,https://drive.google.com/uc?export=download&id=15EyN0nXqFwSxi1lFvtKGU-A16rsh-0a4
كتاب_لغتي_العربية_الجزء_الأول_الطبعة_2017_الصف_السادس_عدن_اليمن.pdf,https://drive.google.com/uc?export=download&id=1SLG5wqb1xMiMWj3h5tpcKEKFotyK-rus
كتاب_التربية_الإسلامية_الطبعة_2017_الصف_السادس_عدن_اليمن.pdf,https://drive.google.com/uc?export=download&id=1pRU_DJ6_9rUo_bxCyfIwZoyDLxfZmLxK
كتاب_القرآن_الكريم_وعلومة_الطبعة_2017_الصف_السادس_عدن_اليمن.pdf,https://drive.google.com/uc?export=download&id=1XIDcAjgwIGusaCg4BimL_bRLkWqxM-DO
national_education_6th.pdf,https://drive.google.com/uc?export=download&id=16FToVii1Osv4nNtXl5h3B6YswAot7CF7
history_6th.pdf,https://drive.google.com/uc?export=download&id=12wsUwz3A9TawC2iqjwIPmL0vArLaqG-l
geographic_6th.pdf,https://drive.google.com/uc?export=download&id=1BE1_1P84L9uslBqWt-tE1U5RQ_Up97-K
science_part2_6th.pdf,https://drive.google.com/uc?export=download&id=1p7Epoy9_imv1kwLOQybjflIQyp4XlBxJ
science_part1_6th.pdf,https://drive.google.com/uc?export=download&id=1KH-AVBcoZuvDairPd-M0--nfUhu_oDy-
mathematics_part2_6th.pdf,https://drive.google.com/uc?export=download&id=1qZjGtk7kR1AJmUS32EEoYysvSG2SPtWD
_mathematics_part1_6th.pdf,https://drive.google.com/uc?export=download&id=1vYWplTZx1vLa6SdI2n-2ntAbSvPfvvhI
arabic_part2_6th.pdf,https://drive.google.com/uc?export=download&id=1EaNT6we3N_H9rUzaz1VuANMWgkxwcAcO
quran_6th.pdf,https://drive.google.com/uc?export=download&id=1Q5x9VkvNFsf5Nvsw4BvDFrKBgaIHmNwR
arabic_part1_6th.pdf,https://drive.google.com/uc?export=download&id=1-FpfkvU1jldczu2Edw_9rMpbD93Joc91
islamic_6th.pdf,https://drive.google.com/uc?export=download&id=15gfby64ESoYF_leS9QPfzG_UZZ4e0bld
social_studies_4th.pdf,https://drive.google.com/uc?export=download&id=1oBMvQ4lC1lM8McP-3AleCAvC8-nNgnRD
science_part1_4th.pdf,https://drive.google.com/uc?export=download&id=1u10CYiGDFXpFkVart0BV_JnH-be_ARVO